<?xml version="1.0" encoding="UTF-8"?>
<!DOCTYPE hibernate-configuration PUBLIC
	"-//Hibernate/Hibernate Configuration DTD 3.0//EN"
	"http://www.hibernate.org/dtd/hibernate-configuration-3.0.dtd">
<hibernate-configuration>
    <session-factory>
      <!-- DB Configuration -->
      <property name="connection.driver_class">com.mysql.cj.jdbc.Driver</property>
      <property name="connection.url">jdbc:mysql://localhost:3306/jfsd_s11</property>
      <property name="connection.user">root</property>
      <property name="connection.password">Chikku@2</property>
      <!-- Hibernate configuration-->
      <property name="dialect">org.hibernate.dialect.MySQLDialect</property>
      <property name="hbm2ddl.auto">update</property>
      <property name="show_sql">true</property>
      <property name="format_sql">true</property>
      
      <!--  mapping file configuration -->
<!--       <mapping resource="Product.hbm.xml"/> -->
<!--       <mapping class="com.klef.jfsd.HCQL.Faculty"/> -->
<mapping class="InheritanceMapping.InheritanceDemo"/>
      <mapping class="InheritanceMapping.Person"/> 
       <mapping class="InheritanceMapping.Scholar"/> 
     <mapping class="InheritanceMapping.Teacher"/> 

      <!-- <mapping class="GeneratorClassDemo.User"/> -->
      
      
    </session-factory>
</hibernate-configuration>