<?xml version="1.0" encoding="UTF-8"?>
<!DOCTYPE hibernate-mapping PUBLIC 
    "-//Hibernate/Hibernate Mapping DTD 3.0//EN"
    "http://www.hibernate.org/dtd/hibernate-mapping-3.0.dtd">

<hibernate-mapping>
   <class name="com.klu.FirstHibernateproject.Product" table="PRODUCTS">
      <id name="pid"  type="int" column="PID">
       <generator class="increment"></generator>
      </id>
      <property name="pname" column= "NAME" type="string"></property>
      <property name="price" column= "PRICE" type="double"></property>
   </class>
</hibernate-mapping>