<?xml version="1.0" encoding="UTF-8"?>
<hibernate-configuration>
<session-factory>
<!--   Connection Properties   -->
<property name="connection.driver_class">com.mysql.cj.jdbc.Driver</property>
<property name="connection.url">jdbc:mysql://localhost:3306/jfsd_s11</property>
<property name="connection.user">root</property>
<property name="connection.password">Chikku@2</property>
<!--   Hibernate Properties   -->
<property name="hibernate.dialect">org.hibernate.dialect.MySQLDialect</property>
<property name="hibernate.hbm2ddl.auto">update</property>
<property name="hibernate.show_sql">true</property>
<mapping class="com.klef.jfsd.HQL.Employee"/>
<mapping class="com.klef.jfsd.HCQl.Faculty"/>
</session-factory>
</hibernate-configuration>